block_index,a,b,max_size,recovery_time,accuracy_mean,accuracy_min,cost,diversity,evaluation_elapsed
20,0.5479,12.5781,6,1.0,0.822286,0.506,42.0,0.091743,0.711388
20,0.65,12.3141,6,1.0,0.822286,0.506,42.0,0.091743,0.71042
20,0.5479,4.6242,6,1.0,0.822286,0.506,42.0,0.091743,0.714095
25,1.8833,2.2508,6,6.0,0.628571,0.522,42.0,0.254314,0.722523
25,1.8367,1.7394,5,6.0,0.629714,0.5,35.0,0.248257,0.672951
