block_index,window_start,window_end,a,b,max_size,window_recovery_time,window_accuracy_mean,window_accuracy_min,window_cost,window_diversity,compromise_score,pareto_index,optimizer_elapsed,pareto_size,trigger_reason
20,13,20,0.5479184468088684,12.578111549267915,6,1.0,0.8222857142857143,0.506,42.0,0.09174285714285714,0.0,0,13.097993000003044,3,instant_drop
25,18,25,1.8832932078161748,2.2507679614392098,6,6.0,0.6285714285714287,0.522,42.0,0.25431428571428566,0.2,1,12.29035375800595,2,instant_drop
