dataset,model,window_size,pop_size,n_gen,accuracy_mean,accuracy_min,kappa_mean,diversity_mean,cost_mean,stream_time,optimization_time,total_time,final_a,final_b,final_grace_period,final_log_delta,final_delta,final_recency_lambda
agrawal_abrupt,Learn++NSE fijo,,,,0.7238461538461538,0.482,0.5726954028519183,0.21265486365486366,8.846153846153847,7.247021529001358,0.0,7.247021529001358,0.5,5.0,200,-7.0,1e-07,
agrawal_abrupt,Learn++NSE + MOEA pasivo,5.0,8.0,4.0,0.7278461538461539,0.444,0.5907114015709386,0.23290085470085467,8.846153846153847,6.8687561210062995,341.3445661309961,348.2133222520024,1.7016902073061277,5.22928851265241,202,-7.330897354524401,4.667696882668746e-08,1.8718117118090225
