block_index,window_start,window_end,a,b,max_size,window_recovery_time,window_accuracy_mean,window_accuracy_min,window_cost,window_diversity,compromise_score,pareto_index,optimizer_elapsed,pareto_size,trigger_reason
8,1,8,0.22225703904582947,8.537686983815655,6,1.0,0.8217142857142858,0.506,42.0,0.07534285714285716,0.0,0,13.16411321600026,1,instant_drop
20,13,20,0.5479184468088684,12.578111549267915,5,1.0,0.7022857142857142,0.484,35.0,0.2732857142857143,0.0,0,13.09731045600347,1,instant_drop
27,20,27,1.1348060746195847,7.123820704657753,5,1.0,0.6642857142857144,0.464,35.0,0.24965714285714286,0.0,0,12.946665450996079,6,instant_drop
35,28,35,1.9585037634003193,10.918652332542024,8,1.0,0.7134285714285714,0.442,56.0,0.2900448979591837,0.0,0,13.389471193004283,1,instant_drop
