dataset,model,window_size,reopt_frequency,pop_size,n_gen,drop_threshold,recovery_ratio,accuracy_mean,accuracy_min,kappa_mean,diversity_mean,recovery_time_mean,num_drops,cost_mean,stream_time,optimization_time,total_time,num_reoptimizations,final_a,final_b,final_max_size
agrawal_abrupt,Learn++NSE fijo,,,,,0.15,0.6,0.7482564102564102,0.466,0.6253247273920137,0.18375849368584546,20.0,1,15.128205128205128,11.824538057997415,0.0,11.824538057997415,0,0.5,5.0,20
agrawal_abrupt,Learn++NSE + MOEA dinámico,10.0,10.0,6.0,3.0,0.15,0.6,0.7474871794871796,0.476,0.629705491285041,0.1898058201058201,20.0,1,6.769230769230769,5.894475726996461,56.11580519200288,62.01028091899934,3,0.7920257855692533,8.372880076408844,5
