dataset,model,window_size,pop_size,n_gen,accuracy_mean,accuracy_min,kappa_mean,diversity_mean,cost_mean,stream_time,optimization_time,total_time,final_a,final_b
agrawal_gradual,Learn++NSE fijo,,,,0.7448813559322034,0.598,0.5862848286937974,0.19624582250118272,16.779661016949152,18.622255427995697,0.0,18.622255427995697,0.5,5.0
agrawal_gradual,Learn++NSE + MOEA pasivo,2.0,6.0,3.0,0.7425423728813559,0.542,0.5827810933194532,0.19624582250118272,16.779661016949152,31.85755391098064,788.7348314020201,820.5923853130007,1.9648100631918062,4.98636070024708
