block_index,a,b,max_size,recovery_time,accuracy_mean,accuracy_min,cost,diversity,evaluation_elapsed
9,1.9843,4.0496,8,0.0,0.889111,0.87,72.0,0.086103,1.129277
19,1.9964,14.2683,10,0.0,0.765556,0.686,90.0,0.142661,1.24089
19,1.6959,14.2683,10,0.0,0.765556,0.686,90.0,0.142661,1.105785
19,1.713,14.0604,10,0.0,0.765556,0.686,90.0,0.142661,1.100873
19,1.4024,10.0883,10,0.0,0.765556,0.686,90.0,0.142661,1.106426
19,1.977,14.2683,10,0.0,0.765556,0.686,90.0,0.142661,1.105981
19,1.1889,10.1789,10,0.0,0.765556,0.686,90.0,0.142661,1.104231
29,0.792,8.3729,5,0.0,0.591111,0.54,45.0,0.183081,0.555749
29,0.792,12.7543,5,0.0,0.591111,0.54,45.0,0.183081,0.548719
