dataset,model,window_size,pop_size,n_gen,accuracy_mean,accuracy_min,kappa_mean,diversity_mean,cost_mean,stream_time,optimization_time,total_time,final_a,final_b,final_grace_period,final_log_delta,final_delta,final_weight_temp
agrawal_abrupt,Learn++NSE fijo,,,,0.7552653061224489,0.534,0.5994395448060382,0.17157881438289602,9.081632653061224,8.756346569000016,0.0,8.756346569000016,0.5,5.0,200,-7.0,1e-07,1.0
agrawal_abrupt,Learn++NSE + MOEA pasivo,2.0,8.0,4.0,0.7687346938775511,0.528,0.6483399399132804,0.21743767411726594,9.081632653061224,11.753936643995985,640.3104215230051,652.064358167001,0.6967898183638731,6.125008032015976,189,-4.877308040280163,1.3264532853201515e-05,1.5281244658480824
