dataset,model,window_size,pop_size,n_gen,accuracy_mean,accuracy_min,kappa_mean,diversity_mean,cost_mean,stream_time,optimization_time,total_time,final_a,final_b
agrawal_abrupt,Learn++NSE fijo,,,,0.7371864406779661,0.534,0.5801155403463116,0.2070830007325704,16.779661016949152,18.53166596200026,0.0,18.53166596200026,0.5,5.0
agrawal_abrupt,Learn++NSE + MOEA pasivo,2.0,6.0,3.0,0.7383389830508474,0.536,0.5836543355361071,0.2070830007325704,16.779661016949152,32.56754709298548,802.2074780780094,834.7750251709949,1.949945882003132,13.74475133813634
