dataset,model,window_size,pop_size,n_gen,accuracy_mean,accuracy_min,kappa_mean,diversity_mean,cost_mean,stream_time,optimization_time,total_time,final_a,final_b,final_grace_period,final_log_delta,final_delta,final_recency_lambda,final_weight_power
agrawal_abrupt,Learn++NSE fijo,,,,0.7223076923076924,0.474,0.5652263429868482,0.20928412633206628,15.128205128205128,12.695557293016464,0.0,12.695557293016464,0.5,5.0,200,-7.0,1e-07,,1.0
agrawal_abrupt,Learn++NSE + MOEA pasivo,5.0,80.0,50.0,0.7663076923076922,0.452,0.6563913768196914,0.2559676568291596,15.128205128205128,12.083880131598562,2742.6053108815104,2754.689191013109,1.4541348868383048,4.744013757571416,67,-1.0021817122217356,0.09949890190262445,1.4999819910400225,1.0576364387594424
