block_index,a,b,max_size,recovery_time,accuracy_mean,accuracy_min,cost,diversity,evaluation_elapsed
9,0.523,5.6001,9,2.0,0.79,0.504,81.0,0.092584,1.107002
9,0.4944,4.1635,9,2.0,0.79,0.504,81.0,0.092584,1.094943
9,1.6349,11.2591,7,2.0,0.789111,0.502,63.0,0.093605,1.049899
19,0.9218,2.0654,9,1.0,0.695556,0.466,81.0,0.304795,1.197382
29,1.306,3.0963,19,2.0,0.648444,0.464,171.0,0.272006,1.163393
29,0.792,8.3729,5,3.0,0.641333,0.464,45.0,0.273289,0.926933
29,1.3068,4.3323,5,3.0,0.641333,0.464,45.0,0.273289,0.920431
