block_index,a,b,max_size,recovery_time,accuracy_mean,accuracy_min,cost,diversity,evaluation_elapsed
9,1.9843,4.0496,8,0.0,0.889111,0.87,72.0,0.086103,1.084912
19,1.1846,14.2683,9,0.0,0.879333,0.864,81.0,0.079268,1.174908
29,0.792,8.3729,5,0.0,0.639333,0.594,45.0,0.268489,0.88655
29,0.792,12.7543,5,0.0,0.639333,0.594,45.0,0.268489,0.877041
