block_index,a,b,max_size,recovery_time,accuracy_mean,accuracy_min,cost,diversity,evaluation_elapsed
8,0.2223,8.5377,6,1.0,0.821714,0.506,42.0,0.075343,0.722278
20,0.5479,12.5781,5,1.0,0.702286,0.484,35.0,0.273286,0.69147
27,1.1348,7.1238,5,1.0,0.664286,0.464,35.0,0.249657,0.679418
27,1.1454,7.1238,5,1.0,0.664286,0.464,35.0,0.249657,0.683925
27,1.1348,6.3019,5,1.0,0.664286,0.464,35.0,0.249657,0.689632
27,1.4287,7.1232,5,1.0,0.664286,0.464,35.0,0.249657,0.693199
27,1.4401,7.1232,5,1.0,0.664286,0.464,35.0,0.249657,0.704222
27,1.1176,7.1232,5,1.0,0.664286,0.464,35.0,0.249657,0.702296
35,1.9585,10.9187,8,1.0,0.713429,0.442,56.0,0.290045,0.738576
