dataset,model,window_size,pop_size,n_gen,accuracy_mean,accuracy_min,kappa_mean,diversity_mean,cost_mean,stream_time,optimization_time,total_time,final_a,final_b,final_grace_period,final_log_delta,final_delta,final_recency_lambda,final_weight_power
agrawal_gradual,Learn++NSE fijo,,,,0.7212820512820513,0.534,0.5759958473445023,0.1767189993656771,15.128205128205128,11.387574875960127,0.0,11.387574875960127,0.5,5.0,200,-7.0,1e-07,,1.0
agrawal_gradual,Learn++NSE + MOEA pasivo,5.0,80.0,50.0,0.7705641025641026,0.55,0.673235888888278,0.25235730002535195,15.128205128205128,10.546001916751266,2634.151102067204,2644.6971039839555,0.8212221261201942,3.1581224510667676,67,-1.0024641965443382,0.09943420446326548,1.3712117133640744,0.8454726452917004
