block_index,a,b,max_size,recent_accuracy,diversity,complexity,evaluation_elapsed
20,0.5479,12.5781,6,0.822286,0.091743,42.0,0.749403
20,0.65,12.3141,6,0.822286,0.091743,42.0,0.76437
20,0.5479,4.6242,6,0.822286,0.091743,42.0,0.753952
25,1.8279,2.7877,8,0.630571,0.25472,56.0,0.763647
25,1.8197,1.8008,6,0.627429,0.254314,42.0,0.74559
25,1.8332,4.1277,5,0.618,0.248257,35.0,0.711728
25,0.5575,6.0799,7,0.616857,0.25472,49.0,0.773014
