dataset,model,window_size,pop_size,n_gen,accuracy_mean,accuracy_min,kappa_mean,diversity_mean,cost_mean,stream_time,optimization_time,total_time,final_a,final_b,final_grace_period,final_log_delta,final_delta
agrawal_abrupt,Learn++NSE fijo,,,,0.7567755102040816,0.534,0.5983423438596623,0.16750638434072124,16.122448979591837,14.441103110999393,0.0,14.441103110999393,0.5,5.0,200,-7.0,1e-07
agrawal_abrupt,Learn++NSE + MOEA pasivo,2.0,6.0,3.0,0.7578775510204082,0.534,0.6010776734469865,0.18876930980044018,16.122448979591837,14.448161609001545,61.519494375999784,75.96765598500133,1.0661023126910467,10.30724704462047,279,-7.400447856144722,3.9769684334363725e-08
