block_index,window_start,window_end,a,b,max_size,window_recovery_time,window_accuracy_mean,window_accuracy_min,window_cost,window_diversity,compromise_score,pareto_index,optimizer_elapsed,pareto_size
9,0,9,0.5229751974814197,5.600101417868271,9,2.0,0.7899999999999999,0.504,81.0,0.09258412698412699,0.2,1,18.591062667997903,3
19,10,19,0.9218299134120311,2.065426070434543,9,1.0,0.6955555555555555,0.466,81.0,0.304794885361552,0.0,0,20.192779836001137,1
29,20,29,1.3060460188278469,3.096289415276237,19,2.0,0.6484444444444445,0.464,171.0,0.2720061728395062,0.2,0,19.503234878000512,3
