dataset,model,window_size,pop_size,n_gen,accuracy_mean,accuracy_min,kappa_mean,diversity_mean,cost_mean,stream_time,optimization_time,total_time,final_a,final_b,final_grace_period,final_log_delta,final_delta
agrawal_gradual,Learn++NSE fijo,,,,0.7612244897959183,0.612,0.6007557257796416,0.14487405247813412,9.081632653061224,8.51690992300064,0.0,8.51690992300064,0.5,5.0,200,-7.0,1e-07
agrawal_gradual,Learn++NSE + MOEA pasivo,2.0,8.0,4.0,0.7740816326530612,0.612,0.6449947974756688,0.1580926465824425,9.081632653061224,8.664647748002608,109.20131403199775,117.86596178000036,1.6814105414185962,1.8749254500203312,279,-8.017446406008538,9.606243566578318e-09
