dataset,model,window_size,pop_size,n_gen,accuracy_mean,accuracy_min,kappa_mean,diversity_mean,cost_mean,stream_time,optimization_time,total_time,final_a,final_b,final_grace_period,final_log_delta,final_delta,final_recency_lambda
agrawal_gradual,Learn++NSE fijo,,,,0.7212820512820513,0.534,0.5759958473445023,0.1767189993656771,15.128205128205128,10.529666709000594,0.0,10.529666709000594,0.5,5.0,200,-7.0,1e-07,
agrawal_gradual,Learn++NSE + MOEA pasivo,5.0,6.0,3.0,0.7302564102564103,0.548,0.5968695076408329,0.19359752305195266,15.128205128205128,10.33631702999628,183.8143620980045,194.15067912800077,1.7016902073061277,5.22928851265241,202,-7.330897354524401,4.667696882668746e-08,1.8718117118090225
