block_index,window_start,window_end,a,b,max_size,window_recovery_time,window_accuracy_mean,window_accuracy_min,window_cost,window_diversity,compromise_score,pareto_index,optimizer_elapsed,pareto_size,trigger_reason
14,3,14,1.4767480030352207,8.882614022045221,11,0.0,0.8581818181818182,0.818,121.0,0.11099712711530892,0.2,2,24.303350535999925,6,sustained_degradation
17,6,17,0.3078390864801998,8.085555098901427,25,0.0,0.8325454545454547,0.734,275.0,0.10182718089990818,0.2,0,24.50471699800255,6,sustained_degradation
20,9,20,0.9345063239489146,9.857295498059322,16,0.0,0.7749090909090909,0.69,176.0,0.13610899908172636,0.2,1,26.421321885994985,4,sustained_degradation
23,12,23,0.7197495377537118,5.351643786610664,9,0.0,0.6921818181818181,0.61,99.0,0.20234603174603175,0.16574074074074074,4,23.948211155002355,6,sustained_degradation
26,15,26,0.43767416118142954,3.2915100067614738,24,0.0,0.651090909090909,0.604,264.0,0.20019449035812675,0.2,0,20.08709554700181,6,sustained_degradation
