block_index,a,b,max_size,recent_accuracy,diversity,complexity,evaluation_elapsed
17,0.8171,2.959,7,0.762333,0.152011,42.0,0.598456
17,1.2246,3.4204,7,0.762333,0.152011,42.0,0.605702
21,1.06,3.8053,9,0.676333,0.158122,54.0,0.60041
21,1.2639,3.8053,9,0.676333,0.158122,54.0,0.580917
21,0.9506,8.0736,7,0.674,0.158122,42.0,0.581126
21,0.712,8.0903,7,0.674,0.158122,42.0,0.58852
21,0.9535,8.0734,7,0.674,0.158122,42.0,0.589331
21,0.9965,8.0734,7,0.674,0.158122,42.0,0.58969
