block_index,window_start,window_end,a,b,max_size,window_recovery_time,window_accuracy_mean,window_accuracy_min,window_cost,window_diversity,compromise_score,pareto_index,optimizer_elapsed,pareto_size
9,0,9,1.9843354953374195,4.049568561383458,8,0.0,0.8891111111111112,0.87,72.0,0.08610317460317458,0.0,0,18.813639962001616,1
19,10,19,1.1846161040694945,14.26825921938264,9,0.0,0.8793333333333333,0.864,81.0,0.07926772486772488,0.0,0,20.062751484998444,1
29,20,29,0.7920257855692533,8.372880076408844,5,0.0,0.6393333333333333,0.594,45.0,0.2684888888888889,0.0,0,17.23941374500282,2
