block_index,window_start,window_end,a,b,max_size,window_recovery_time,window_accuracy_mean,window_accuracy_min,window_cost,window_diversity,compromise_score,pareto_index,optimizer_elapsed,pareto_size
9,0,9,1.9843354953374195,4.049568561383458,8,0.0,0.8891111111111112,0.87,72.0,0.08610317460317458,0.0,0,20.107489362002525,1
19,10,19,1.996376426760794,14.26825921938264,10,0.0,0.7655555555555557,0.686,90.0,0.1426610229276896,0.0,0,20.28613048799889,6
29,20,29,0.7920257855692533,8.372880076408844,5,0.0,0.5911111111111111,0.54,45.0,0.18308148148148148,0.0,0,10.769346523000422,2
