dataset,model,window_size,pop_size,n_gen,accuracy_mean,accuracy_min,kappa_mean,diversity_mean,cost_mean,stream_time,optimization_time,total_time,final_a,final_b,final_grace_period,final_log_delta,final_delta,final_weight_temp
agrawal_gradual,Learn++NSE fijo,,,,0.7612244897959183,0.612,0.6007557257796416,0.14487405247813412,9.081632653061224,8.327783589000319,0.0,8.327783589000319,0.5,5.0,200,-7.0,1e-07,1.0
agrawal_gradual,Learn++NSE + MOEA pasivo,2.0,8.0,4.0,0.768857142857143,0.61,0.6394997978277465,0.17967874959507613,9.081632653061224,11.225631573008286,599.8768410899902,611.1024726629985,0.3500297058273305,1.4647520346241167,177,-5.840786558679866,1.442824277537283e-06,0.9969412352845431
